# pattern	description
Sammie	exact:Sammie
%Cen_us%	underscore:Census
%AAAAAAAA_OAAAAAA%	underscore:AAAAAAAAPOAAAAAA
%trees%	contains:trees
%192_Q4%	underscore:1922Q4
%1iTk%KefK%	two-literals:1iTk+KefK
Leroy%	prefix:Leroy
%Ho_an%	short-gap:Hodgeman
%wc91%FOt6%	two-literal-short:wc914xF1YaBgFOt6
realm	exact:realm
%Est_ll%	underscore:Estill
prieinga%ntiation	split-mid:prieingantiation
%9%	single-char-contains:9TiD3cFXv
%ough_anti%	underscore:oughtanti
%oe8YAv_GhUZmx%	underscore:oe8YAvFGhUZmx
aut%hors	split-mid:authors
%gr_ly%	short-gap:gracefully
%AAAAAAAAHONCAAAA%	contains:AAAAAAAAHONCAAAA
%Coburn	suffix:Coburn
%Winneshiek%	contains:Winneshiek
AAAAAAAA%EONCAAAA	split-mid:AAAAAAAAEONCAAAA
true%	prefix:true
%19_Q3%	short-gap:1925Q3
%AAAAAAAA_FDEAAAA%	underscore:AAAAAAAALFDEAAAA
Le%roy	split-mid:Leroy
%Fc_es%	short-bridge:FctA4jRDm81cd1Mb+tithes
%FctA4jRDm81cd1Mb%tithes%	two-literals:FctA4jRDm81cd1Mb+tithes
Cant%rell	split-mid:Cantrell
%ch_es%	short-gap:changes
%AAAAAAAA_BFDAAAA%	underscore:AAAAAAAAOBFDAAAA
li%nes	split-mid:lines
bPaO5%m3U1oC	split-mid:bPaO5m3U1oC
AAAA_AAANPMO_CAA	double-underscore:AAAAAAAANPMOECAA
Cob%urn	split-mid:Coburn
%Fc_Mb%	short-gap:FctA4jRDm81cd1Mb
%AAAAAAAAPOAAAAAA%	contains:AAAAAAAAPOAAAAAA
abl%CAA	bridge:ableeing+AAAAAAAAPBCBFCAA
JBlquJ%WIvmvu	split-mid:JBlquJWIvmvu
%AAAAAAAA_OGBAAAA%	underscore:AAAAAAAAIOGBAAAA
d6HYAzG%	prefix:d6HYAzG
antiein%gbareing	split-mid:antieingbareing
AAAAAAAA%IEJAAAAA	split-mid:AAAAAAAAIEJAAAAA
1939Q2%	prefix:1939Q2
%Pittsburg%	contains:Pittsburg
AAAAAAAA%POAAAAAA	split-mid:AAAAAAAAPOAAAAAA
%F%	single-char-contains:FctA4jRDm81cd1Mb
eventually%	prefix:eventually
%3395612639_437peru70%	underscore:33956126399437peru70
%erve	suffix:erve
antieingbareing	exact:antieingbareing
%AAAAAAAA_OOAAAAA%	underscore:AAAAAAAAAOOAAAAA
Approximately	exact:Approximately
%9TiD3cFXv%	contains:9TiD3cFXv
89739_41078navy_0006	double-underscore:89739841078navy10006
6th	exact:6th
%de_rs%	short-gap:designers
AAAAAAAA%DPIAFCAA	split-mid:AAAAAAAADPIAFCAA
Census	exact:Census
%tr%rs%	two-literal-short:trousers
%oe8YAvFGhUZmx%AAAAAAAANPMOECAA%	two-literals:oe8YAvFGhUZmx+AAAAAAAANPMOECAA
oppose%	prefix:oppose
%ha_gl%	underscore:haggl
AAAA_AAAAOOA_AAA	double-underscore:AAAAAAAAAOOAAAAA
KefK%	prefix:KefK
%qHx9ylRvx0%	contains:qHx9ylRvx0
%Roos_velt%	underscore:Roosevelt
JBlquJWIvmvu	exact:JBlquJWIvmvu
%Pa_ns%	short-gap:Parsons
80lUquUnLvDzRv%EIv7hrEcp31Ti8	split-mid:80lUquUnLvDzRvEIv7hrEcp31Ti8
%enly	suffix:enly
%Roosevelt	suffix:Roosevelt
AAAAAAAA%KNMCAAAA	split-mid:AAAAAAAAKNMCAAAA
%admit%	contains:admit
%history%	contains:history
ZNYJ_1tnBmZv5p_k0gO	double-underscore:ZNYJK1tnBmZv5pQk0gO
Ottawa%	prefix:Ottawa
AAAAAAAANAHOECAA	exact:AAAAAAAANAHOECAA
AAAA_AAAFILB_AAA	double-underscore:AAAAAAAAFILBAAAA
Reasonably	exact:Reasonably
%1922Q4%	contains:1922Q4
AAAAAAAAHLKCAAAA%	prefix:AAAAAAAAHLKCAAAA
%upon%	contains:upon
AAAAAAAAEONCAAAA	exact:AAAAAAAAEONCAAAA
%beans%Barbara%	two-literals:beans+Barbara
%beans%	contains:beans
ZNYJK1tnBmZv5pQk0gO	exact:ZNYJK1tnBmZv5pQk0gO
%AAAAAAAA_BFCAAAA%	underscore:AAAAAAAAFBFCAAAA
9TiD3cFXv	exact:9TiD3cFXv
antieingbareing%	prefix:antieingbareing
AAAAAAAAKEJCAAAA%	prefix:AAAAAAAAKEJCAAAA
pG_BVl_L5	double-underscore:pGMBVlEL5
qHx9ylRvx0%	prefix:qHx9ylRvx0
%AAAAAAAAPDDCFCAA	suffix:AAAAAAAAPDDCFCAA
%VYG6v%	contains:VYG6v
AAAAAAAABLKBAAAA	exact:AAAAAAAABLKBAAAA
%AAAAAAAA_FKBAAAA%	underscore:AAAAAAAACFKBAAAA
cr_atu_es	double-underscore:creatures
eseei%ngese	split-mid:eseeingese
26324_238yellow_5280	double-underscore:263246238yellow55280
Step%hens	split-mid:Stephens
%creatures%	contains:creatures
%AAAAAAAA_PMOECAA%	underscore:AAAAAAAANPMOECAA
%rugs	suffix:rugs
%Cl_on%	short-gap:Clifton
%80lUquUnLvDzRv_Iv7hrEcp31Ti8%	underscore:80lUquUnLvDzRvEIv7hrEcp31Ti8
taste%	prefix:taste
%Fifth%	contains:Fifth
%06810%er871%	two-literal-short:06810972619dodger871
%authors	suffix:authors
%com_are%	underscore:compare
AAAAAAAA%EKIBAAAA	split-mid:AAAAAAAAEKIBAAAA
%Flynn	suffix:Flynn
%ev%lly%	two-literal-short:eventually
FctA4jRD%m81cd1Mb	split-mid:FctA4jRDm81cd1Mb
settle	exact:settle
%oe_AA%	short-bridge:oe8YAvFGhUZmx+AAAAAAAANPMOECAA
ationabl%eableable	split-mid:ationableableable
Openly	exact:Openly
UIc_VvaGz_62	double-underscore:UIcVVvaGz062
%FctA%d1Mb%	two-literal-short:FctA4jRDm81cd1Mb
Ott%awa	split-mid:Ottawa
AAAAAAAAHONCAAAA	exact:AAAAAAAAHONCAAAA
%AAAAAAAAAAEBFCAA	suffix:AAAAAAAAAAEBFCAA
He_dri_k	double-underscore:Headrick
%parameters%	contains:parameters
%YgarRcbATvuX8%	contains:YgarRcbATvuX8
%R%	single-char-contains:Reasonably
%9T_AA%	short-bridge:9TiD3cFXv+AAAAAAAALHBEAAAA
AAAAAAAABLKBAAAA%	prefix:AAAAAAAABLKBAAAA
_9_%	underscore-heavy:9TiD3cFXv
%se_le%	short-gap:settle
%ationableableable	suffix:ationableableable
set%tle	split-mid:settle
%oe8YAvFGhUZmx	suffix:oe8YAvFGhUZmx
%0681097261_dodger871%	underscore:06810972619dodger871
bravely	exact:bravely
%PORT_GAL%	underscore:PORTUGAL
%AAAAAAAAEHOAAAAA	suffix:AAAAAAAAEHOAAAAA
clients	exact:clients
%6ZIeX2BP%	contains:6ZIeX2BP
AAAAAAAA%NKIAFCAA	split-mid:AAAAAAAANKIAFCAA
re%alm	split-mid:realm
eseeingese%	prefix:eseeingese
AAAAAAAAEKIBAAAA%	prefix:AAAAAAAAEKIBAAAA
%Ashland	suffix:Ashland
%Sammie%	contains:Sammie
AAAA_AAAKEKE_AAA	double-underscore:AAAAAAAAKEKEAAAA
%history	suffix:history
%PR_MO%	underscore:PROMO
%AAAAAAAA_AHOECAA%	underscore:AAAAAAAANAHOECAA
%Earnest	suffix:Earnest
%Ech_ls%	underscore:Echols
06810_72619dodg_r871	double-underscore:06810972619dodger871
JUMBO	exact:JUMBO
%ad_it%	underscore:admit
%5QWU2iTObMRa162GP97d	suffix:5QWU2iTObMRa162GP97d
%a%	single-char-contains:antiantieseation
%PARAGUAY%	contains:PARAGUAY
%AAAAAAAAKEKEAAAA	suffix:AAAAAAAAKEKEAAAA
192%0Q4	split-mid:1920Q4
FctA4jRDm81cd1Mb	exact:FctA4jRDm81cd1Mb
%09hot%52049%	two-literal-short:09hot181531485552049
1920Q4	exact:1920Q4
AAAAAAAAEKIBAAAA	exact:AAAAAAAAEKIBAAAA
%56258422azure4591792%	contains:56258422azure4591792
Stephens%	prefix:Stephens
%Hodgeman%	contains:Hodgeman
AAAAAAAA%HLKCAAAA	split-mid:AAAAAAAAHLKCAAAA
Mrs%	prefix:Mrs
AAAAAAAAFBFCAAAA	exact:AAAAAAAAFBFCAAAA
%80lUquU%cp31Ti8%	two-literal-short:80lUquUnLvDzRvEIv7hrEcp31Ti8
Ant%ioch	split-mid:Antioch
%eing_nti%	underscore:einganti
%AAAAAAAAPCEBAAAA%	contains:AAAAAAAAPCEBAAAA
%Census	suffix:Census
%Approximately	suffix:Approximately
%89739841078navy10006	suffix:89739841078navy10006
High%land	split-mid:Highland
%HOUSEHOLD	suffix:HOUSEHOLD
%AAAAAAAAOHBAAAAA	suffix:AAAAAAAAOHBAAAAA
1925Q3%	prefix:1925Q3
%YgarRcbATvuX8	suffix:YgarRcbATvuX8
%Ott%AAAAAAAANKIAFCAA%	two-literals:Ott+AAAAAAAANKIAFCAA
Headrick%	prefix:Headrick
%Census%	contains:Census
%AAAAAAAADDMEAAAA%	contains:AAAAAAAADDMEAAAA
Judy	exact:Judy
%Reasonably%	contains:Reasonably
%AAAAAAAAKNMCAAAA%	contains:AAAAAAAAKNMCAAAA
AAA%nox	bridge:AAAAAAAABOAPECAA+Knox
%co_re%	short-gap:compare
AAAA_AAAPCEB_AAA	double-underscore:AAAAAAAAPCEBAAAA
Angela%	prefix:Angela
AAAAAAAAFCADAAAA	exact:AAAAAAAAFCADAAAA
AAAAAAAA%NAHOECAA	split-mid:AAAAAAAANAHOECAA
Par%sons	split-mid:Parsons
%er_ve%	short-gap:erve
56258422az%ure4591792	split-mid:56258422azure4591792
%rugs%	contains:rugs
%Re%bly%	two-literal-short:Reasonably
AAAA_AAAODLB_CAA	double-underscore:AAAAAAAAODLBFCAA
6ZIeX2BP	exact:6ZIeX2BP
%bravely%	contains:bravely
AAAAAAAA%IIKAAAAA	split-mid:AAAAAAAAIIKAAAAA
warm	exact:warm
oe8_AvFGh_Zmx	double-underscore:oe8YAvFGhUZmx
ZNYJK1tnBmZv5pQk0gO%	prefix:ZNYJK1tnBmZv5pQk0gO
%LARGE	suffix:LARGE
%li_me%	short-gap:lime
AAAAAAAA%LHBEAAAA	split-mid:AAAAAAAALHBEAAAA
claim%	prefix:claim
%pa%ers%	two-literal-short:parameters
%prieingantiation%	contains:prieingantiation
%1931Q1	suffix:1931Q1
%d6HYAzG%	contains:d6HYAzG
AAAAAAAA%EHOAAAAA	split-mid:AAAAAAAAEHOAAAAA
%Stephens	suffix:Stephens
%delighted%	contains:delighted
%GQhgXC_Ghn0c8%	underscore:GQhgXCQGhn0c8
1939Q2	exact:1939Q2
